,printer,stl_texture,standards,mean_dist,std_error,sample_size
0,BAMBU,1,False,0.505,0.021,6
2,BAMBU,2,False,0.945,0.015,6
4,BAMBU,3,False,0.624,0.029,5
6,BAMBU,4,False,0.918,0.024,6
8,BAMBU,5,False,0.567,0.108,6
10,BAMBU,6,False,0.802,0.019,6
12,ENDER,1,False,1.278,,1
13,ENDER,2,False,1.215,0.017,6
15,ENDER,3,False,1.073,0.043,5
17,ENDER,4,False,1.319,0.085,4
19,ENDER,5,False,1.121,0.076,4
21,RESIN,1,False,0.72,0.032,4
23,RESIN,2,False,0.767,0.036,5
25,RESIN,3,False,0.592,0.026,4
27,RESIN,4,False,0.997,0.021,5
29,RESIN,5,False,0.503,0.01,5
31,RESIN,6,False,0.75,0.015,4
1,BAMBU,1,True,0.467,0.016,5
3,BAMBU,2,True,0.671,0.007,5
5,BAMBU,3,True,0.622,0.028,3
7,BAMBU,4,True,0.93,0.123,5
9,BAMBU,5,True,0.42,0.06,4
11,BAMBU,6,True,0.732,0.048,4
14,ENDER,2,True,1.191,0.007,5
16,ENDER,3,True,1.107,0.032,4
18,ENDER,4,True,1.298,0.035,5
20,ENDER,5,True,1.184,0.038,4
22,RESIN,1,True,0.625,0.018,5
24,RESIN,2,True,0.579,0.03,4
26,RESIN,3,True,0.468,0.019,5
28,RESIN,4,True,0.951,0.022,5
30,RESIN,5,True,0.507,0.001,4
32,RESIN,6,True,0.754,0.006,5
