filename,printer,standards,stl_texture,test_no,avg_dist,std_dist,aligned
processed_models\BAMBU STANDARDS\B1T1.ply,BAMBU,True,1,1,0.47947932612388117,0.4060137496662108,True
processed_models\BAMBU STANDARDS\B1T2.ply,BAMBU,True,1,2,0.47379917596943055,0.38603764110790584,True
processed_models\BAMBU STANDARDS\B1T3.ply,BAMBU,True,1,3,0.4914496948667521,0.42057695087991415,True
processed_models\BAMBU STANDARDS\B1T4.ply,BAMBU,True,1,4,0.4861656485579639,0.4144650505064438,True
processed_models\BAMBU STANDARDS\B1T5.ply,BAMBU,True,1,5,0.4025319408672439,0.3413387370798584,True
processed_models\BAMBU STANDARDS\B2T1.ply,BAMBU,True,2,1,0.6757723038350708,0.45507535314979597,True
processed_models\BAMBU STANDARDS\B2T2.ply,BAMBU,True,2,2,0.6788416032803387,0.4512248035102939,True
processed_models\BAMBU STANDARDS\B2T3.ply,BAMBU,True,2,3,0.6917535718285815,0.471870451844983,True
processed_models\BAMBU STANDARDS\B2T4.ply,BAMBU,True,2,4,0.6575728238463985,0.4388459729932533,True
processed_models\BAMBU STANDARDS\B2T5.ply,BAMBU,True,2,5,0.6514665216776085,0.43259445874545455,True
processed_models\BAMBU STANDARDS\B3T1.ply,BAMBU,True,3,1,0.6722007132142903,0.5101661652879007,True
processed_models\BAMBU STANDARDS\B3T2.ply,BAMBU,True,3,2,0.6179887538521804,0.4533428846369251,True
processed_models\BAMBU STANDARDS\B3T3.ply,BAMBU,True,3,3,0.5758606908589635,0.4186098890277728,True
processed_models\BAMBU STANDARDS\B3T4.ply,BAMBU,True,3,4,3.2870610649911254,3.249827151846722,False
processed_models\BAMBU STANDARDS\B3T5.ply,BAMBU,True,3,5,1.8217080031249997,1.8645232583295717,False
processed_models\BAMBU STANDARDS\B4T1.ply,BAMBU,True,4,1,0.8812789786103797,0.5843777568368813,True
processed_models\BAMBU STANDARDS\B4T2.ply,BAMBU,True,4,2,0.7904899917233515,0.5275292916031391,True
processed_models\BAMBU STANDARDS\B4T3.ply,BAMBU,True,4,3,0.7774915090547662,0.5112244201791485,True
processed_models\BAMBU STANDARDS\B4T4.ply,BAMBU,True,4,4,1.4174846082706634,1.189707763635163,False
processed_models\BAMBU STANDARDS\B4T5.ply,BAMBU,True,4,5,0.7821079256403227,0.5285205118970958,True
processed_models\BAMBU STANDARDS\B5T1.ply,BAMBU,True,5,1,0.3650673172768549,0.2453082318837066,True
processed_models\BAMBU STANDARDS\B5T2.ply,BAMBU,True,5,2,0.3459319502007556,0.23405843940644205,True
processed_models\BAMBU STANDARDS\B5T3.ply,BAMBU,True,5,3,0.5993543127564709,0.612909881345854,True
processed_models\BAMBU STANDARDS\B5T4.ply,BAMBU,True,5,4,0.36881746925024833,0.24533829965034076,True
processed_models\BAMBU STANDARDS\B5T5.ply,BAMBU,True,5,5,2.36434438700372,2.8349983310785563,False
processed_models\BAMBU STANDARDS\B6T1.ply,BAMBU,True,6,1,0.6860374682346483,0.42930531890951074,True
processed_models\BAMBU STANDARDS\B6T2.ply,BAMBU,True,6,2,0.6214210869816941,0.44301700897117546,True
processed_models\BAMBU STANDARDS\B6T3.ply,BAMBU,True,6,3,0.8356038118786124,0.483917611550603,True
processed_models\BAMBU STANDARDS\B6T4.ply,BAMBU,True,6,4,7.470452522820243,6.066731514263964,False
processed_models\BAMBU STANDARDS\B6T5.ply,BAMBU,True,6,5,0.7836531283818605,0.4631947445672988,True
processed_models\BAMBU\B1T1.ply,BAMBU,False,1,1,0.5604575536652926,0.44319563533377776,True
processed_models\BAMBU\B1T2.ply,BAMBU,False,1,2,0.48315336310518525,0.4200785581335799,True
processed_models\BAMBU\B1T3.ply,BAMBU,False,1,3,0.42491879567537466,0.3573305239692301,True
processed_models\BAMBU\B1T4.ply,BAMBU,False,1,4,0.4967820120341188,0.41997148322200073,True
processed_models\BAMBU\B1T5.ply,BAMBU,False,1,5,0.5560569278411135,0.47252083281981644,True
processed_models\BAMBU\B1T6.ply,BAMBU,False,1,6,0.5063418444038447,0.4616999589934119,True
processed_models\BAMBU\B2T1.ply,BAMBU,False,2,1,0.9562342325798123,0.6437953956755688,True
processed_models\BAMBU\B2T2.ply,BAMBU,False,2,2,0.8960723245318067,0.6060498018961757,True
processed_models\BAMBU\B2T3.ply,BAMBU,False,2,3,0.960797174516965,0.6517355554451993,True
processed_models\BAMBU\B2T4.ply,BAMBU,False,2,4,0.9946130578606597,0.6827267836387207,True
processed_models\BAMBU\B2T5.ply,BAMBU,False,2,5,0.9106812506302635,0.6314047429718064,True
processed_models\BAMBU\B2T6.ply,BAMBU,False,2,6,0.952636127570603,0.6422437273868482,True
processed_models\BAMBU\B3T1.ply,BAMBU,False,3,1,0.5359847879275927,0.360854211820686,True
processed_models\BAMBU\B3T2.ply,BAMBU,False,3,2,0.6585019984587855,0.4717933215857438,True
processed_models\BAMBU\B3T3.ply,BAMBU,False,3,3,8.29435103997761,6.028704785430417,False
processed_models\BAMBU\B3T4.ply,BAMBU,False,3,4,0.6976349126769857,0.5022858282146008,True
processed_models\BAMBU\B3T5.ply,BAMBU,False,3,5,0.5841443033354052,0.3994262985682037,True
processed_models\BAMBU\B3T6.ply,BAMBU,False,3,6,0.645812405806459,0.4520106706471654,True
processed_models\BAMBU\B4T1.ply,BAMBU,False,4,1,0.9337430867099408,0.6379262904721776,True
processed_models\BAMBU\B4T2.ply,BAMBU,False,4,2,0.8853778143267667,0.5844586133190633,True
processed_models\BAMBU\B4T3.ply,BAMBU,False,4,3,1.028365854993478,0.7163078030296987,True
processed_models\BAMBU\B4T4.ply,BAMBU,False,4,4,0.8645681480010082,0.5897526837121067,True
processed_models\BAMBU\B4T5.ply,BAMBU,False,4,5,0.8914941708100906,0.5793725370975114,True
processed_models\BAMBU\B4T6.ply,BAMBU,False,4,6,0.9014607264946756,0.6059902708640841,True
processed_models\BAMBU\B5T1.ply,BAMBU,False,5,1,0.48154797784894543,0.3966383517174533,True
processed_models\BAMBU\B5T2.ply,BAMBU,False,5,2,0.5441812335082044,0.47882612951429937,True
processed_models\BAMBU\B5T3.ply,BAMBU,False,5,3,0.4091866745027818,0.30941366775289625,True
processed_models\BAMBU\B5T4.ply,BAMBU,False,5,4,0.4692137845955581,0.3939123902114038,True
processed_models\BAMBU\B5T5.ply,BAMBU,False,5,5,1.0941916641697136,1.1176988323624004,True
processed_models\BAMBU\B5T6.ply,BAMBU,False,5,6,0.402589749223387,0.3343542056421324,True
processed_models\BAMBU\B6T1.ply,BAMBU,False,6,1,0.7830192613199483,0.5053856720497506,True
processed_models\BAMBU\B6T2.ply,BAMBU,False,6,2,0.7842507898531385,0.5033425040601213,True
processed_models\BAMBU\B6T3.ply,BAMBU,False,6,3,0.8111506878386902,0.526179614912386,True
processed_models\BAMBU\B6T4.ply,BAMBU,False,6,4,0.7492408665183312,0.4644718383703382,True
processed_models\BAMBU\B6T5.ply,BAMBU,False,6,5,0.8873055444752057,0.7304648400973658,True
processed_models\BAMBU\B6T6.ply,BAMBU,False,6,6,0.7964780902042564,0.4714858424222799,True
processed_models\ENDER STANDARDS\E1T1.ply,ENDER,True,1,1,1.961334301320839,1.6321029040056392,False
processed_models\ENDER STANDARDS\E1T2.ply,ENDER,True,1,2,2.0316879963798833,1.7173315863093,False
processed_models\ENDER STANDARDS\E1T3.ply,ENDER,True,1,3,1.9007816776598632,1.5648645597286774,False
processed_models\ENDER STANDARDS\E1T4.ply,ENDER,True,1,4,2.098917058656568,1.7448337047173987,False
processed_models\ENDER STANDARDS\E1T5.ply,ENDER,True,1,5,1.8825185958684991,1.5723259978360746,False
processed_models\ENDER STANDARDS\E2T1.ply,ENDER,True,2,1,1.1881029118919815,0.817509700441013,True
processed_models\ENDER STANDARDS\E2T2.ply,ENDER,True,2,2,1.1945084385257125,0.8134943208116783,True
processed_models\ENDER STANDARDS\E2T3.ply,ENDER,True,2,3,1.2122306243424312,0.8378347569577742,False
processed_models\ENDER STANDARDS\E2T4.ply,ENDER,True,2,4,1.192334305183637,0.8115641053051789,True
processed_models\ENDER STANDARDS\E2T5.ply,ENDER,True,2,5,1.1700915046675127,0.8020071760571467,True
processed_models\ENDER STANDARDS\E3T1.ply,ENDER,True,3,1,1.190192055214308,0.8859439497121334,True
processed_models\ENDER STANDARDS\E3T2.ply,ENDER,True,3,2,1.0609104944478085,0.7744083897489098,True
processed_models\ENDER STANDARDS\E3T3.ply,ENDER,True,3,3,1.1258399770312308,0.8463495916544777,True
processed_models\ENDER STANDARDS\E3T4.ply,ENDER,True,3,4,2.3941661805462586,2.372721702677921,False
processed_models\ENDER STANDARDS\E3T5.ply,ENDER,True,3,5,1.0516762620279485,0.751088219781329,True
processed_models\ENDER STANDARDS\E4T1.ply,ENDER,True,4,1,1.2755250785623333,0.8255452237239256,False
processed_models\ENDER STANDARDS\E4T2.ply,ENDER,True,4,2,1.293984788865025,0.836611350919812,False
processed_models\ENDER STANDARDS\E4T3.ply,ENDER,True,4,3,1.4316667926821103,1.0204129157864297,False
processed_models\ENDER STANDARDS\E4T4.ply,ENDER,True,4,4,1.2378051710945315,0.8005918565548552,False
processed_models\ENDER STANDARDS\E4T5.ply,ENDER,True,4,5,1.2504194526322945,0.8122125903810555,False
processed_models\ENDER STANDARDS\E5T1.ply,ENDER,True,5,1,2.3505816194922,2.6170675763307667,False
processed_models\ENDER STANDARDS\E5T2.ply,ENDER,True,5,2,1.1723585061664923,1.0149879228276188,True
processed_models\ENDER STANDARDS\E5T3.ply,ENDER,True,5,3,1.180260432227989,1.0107713881772686,True
processed_models\ENDER STANDARDS\E5T4.ply,ENDER,True,5,4,1.2823042042913047,1.0952723284512285,False
processed_models\ENDER STANDARDS\E5T5.ply,ENDER,True,5,5,1.099478733886251,0.9263039060846723,True
processed_models\ENDER STANDARDS\E6T1.ply,ENDER,True,6,1,2.4798670391992514,2.0046438373350703,False
processed_models\ENDER STANDARDS\E6T2.ply,ENDER,True,6,2,2.3207487476506587,1.8603653390098198,False
processed_models\ENDER STANDARDS\E6T3.ply,ENDER,True,6,3,5.0133961887928145,3.7895203078647945,False
processed_models\ENDER STANDARDS\E6T4.ply,ENDER,True,6,4,3.9805956355929006,3.4875995734437746,False
processed_models\ENDER STANDARDS\E6T5.ply,ENDER,True,6,5,3.316279965457323,2.2272387661210957,False
processed_models\ENDER\E1T1.ply,ENDER,False,1,1,1.2779875686721194,0.9283949551839388,False
processed_models\ENDER\E1T2.ply,ENDER,False,1,2,1.6268297037554351,1.4179148417725864,False
processed_models\ENDER\E1T3.ply,ENDER,False,1,3,1.7143882194683122,1.3665054821401033,False
processed_models\ENDER\E1T4.ply,ENDER,False,1,4,1.519889963990182,1.1953396940992447,False
processed_models\ENDER\E1T5.ply,ENDER,False,1,5,9.806894691727546,7.175375550814552,False
processed_models\ENDER\E1T6.ply,ENDER,False,1,6,2.2458055059530584,1.8513998716757178,False
processed_models\ENDER\E2T1.ply,ENDER,False,2,1,1.2305652169681407,0.8550124457477001,False
processed_models\ENDER\E2T2.ply,ENDER,False,2,2,1.2069563933628729,0.8071519848496425,False
processed_models\ENDER\E2T3.ply,ENDER,False,2,3,1.2400734506538011,0.8266100583468666,False
processed_models\ENDER\E2T4.ply,ENDER,False,2,4,1.2736177450920876,0.868088044797875,False
processed_models\ENDER\E2T5.ply,ENDER,False,2,5,1.1719567005092226,0.7982447146399667,True
processed_models\ENDER\E2T6.ply,ENDER,False,2,6,1.1655986619465097,0.8007132018869321,True
processed_models\ENDER\E3T1.ply,ENDER,False,3,1,1.1524706827232953,0.8557462580782843,True
processed_models\ENDER\E3T2.ply,ENDER,False,3,2,1.0278099863588384,0.7471908667317222,True
processed_models\ENDER\E3T3.ply,ENDER,False,3,3,1.091359784716205,0.8065036229120095,True
processed_models\ENDER\E3T4.ply,ENDER,False,3,4,1.1644118506063683,0.8871707355322503,True
processed_models\ENDER\E3T5.ply,ENDER,False,3,5,0.9288547200593803,0.6780698740990887,True
processed_models\ENDER\E4T1.ply,ENDER,False,4,1,1.1246926287227574,0.7545065669486297,True
processed_models\ENDER\E4T2.ply,ENDER,False,4,2,1.4855825633248332,0.9498703175444011,False
processed_models\ENDER\E4T3.ply,ENDER,False,4,3,1.4356628274482675,0.9629419454633267,False
processed_models\ENDER\E4T4.ply,ENDER,False,4,4,12.976236385450472,7.402388272500315,False
processed_models\ENDER\E4T5.ply,ENDER,False,4,5,11.43137840557758,7.81661037762443,False
processed_models\ENDER\E4T6.ply,ENDER,False,4,6,1.2301015094603598,0.8098402106846875,False
processed_models\ENDER\E5T1.ply,ENDER,False,5,1,10.57340109330435,7.569269793685685,False
processed_models\ENDER\E5T2.ply,ENDER,False,5,2,1.3456341511305638,1.1332236309293302,False
processed_models\ENDER\E5T3.ply,ENDER,False,5,3,1.0737906709167468,0.8610488193139045,True
processed_models\ENDER\E5T4.ply,ENDER,False,5,4,1.06325894769643,0.8344291671314514,True
processed_models\ENDER\E5T5.ply,ENDER,False,5,5,3.3697036699706437,3.2875232596059263,False
processed_models\ENDER\E5T6.ply,ENDER,False,5,6,1.0027898635290025,0.8252513421178485,True
processed_models\ENDER\E6T1.ply,ENDER,False,6,1,4.6260439523397645,3.2401456673460225,False
processed_models\ENDER\E6T2.ply,ENDER,False,6,2,2.041247286550408,1.8144998068278397,False
processed_models\ENDER\E6T3.ply,ENDER,False,6,3,1.804504116599743,1.3757430646516768,False
processed_models\ENDER\E6T4.ply,ENDER,False,6,4,2.910479521514876,2.372420697779461,False
processed_models\ENDER\E6T5.ply,ENDER,False,6,5,2.5707072065541974,2.0374724107146145,False
processed_models\RESIN STANDARDS\R1T1.ply,RESIN,True,1,1,0.6816797957590922,0.37679478408273764,True
processed_models\RESIN STANDARDS\R1T2.ply,RESIN,True,1,2,0.6033502213546417,0.3068891422216003,True
processed_models\RESIN STANDARDS\R1T3.ply,RESIN,True,1,3,0.6087804673972245,0.3216196471374931,True
processed_models\RESIN STANDARDS\R1T4.ply,RESIN,True,1,4,0.648557972828444,0.34922582109821554,True
processed_models\RESIN STANDARDS\R1T5.ply,RESIN,True,1,5,0.5801401561172912,0.29869471737732395,True
processed_models\RESIN STANDARDS\R2T1.ply,RESIN,True,2,1,0.644366885638674,0.42204539715861694,True
processed_models\RESIN STANDARDS\R2T2.ply,RESIN,True,2,2,0.6173010607682935,0.39649702023710337,True
processed_models\RESIN STANDARDS\R2T3.ply,RESIN,True,2,3,9.534316562031984,7.434600667322088,False
processed_models\RESIN STANDARDS\R2T4.ply,RESIN,True,2,4,0.5303420613996719,0.3428924706609309,True
processed_models\RESIN STANDARDS\R2T5.ply,RESIN,True,2,5,0.5251958963528806,0.35577485052852126,True
processed_models\RESIN STANDARDS\R3T1.ply,RESIN,True,3,1,0.5134616023868795,0.3437848638177179,True
processed_models\RESIN STANDARDS\R3T2.ply,RESIN,True,3,2,0.4362540103934084,0.277882432228527,True
processed_models\RESIN STANDARDS\R3T3.ply,RESIN,True,3,3,0.4324931799035433,0.2853064172730262,True
processed_models\RESIN STANDARDS\R3T4.ply,RESIN,True,3,4,0.5160842403364572,0.3451113114888847,True
processed_models\RESIN STANDARDS\R3T5.ply,RESIN,True,3,5,0.4410851973759011,0.2819420482024838,True
processed_models\RESIN STANDARDS\R4T1.ply,RESIN,True,4,1,0.9164685410457789,0.6237838109510393,True
processed_models\RESIN STANDARDS\R4T2.ply,RESIN,True,4,2,0.9866918038077441,0.6661872299798782,True
processed_models\RESIN STANDARDS\R4T3.ply,RESIN,True,4,3,0.9976005146519316,0.6784955591319752,True
processed_models\RESIN STANDARDS\R4T4.ply,RESIN,True,4,4,0.8834418921038037,0.6061037944495292,True
processed_models\RESIN STANDARDS\R4T5.ply,RESIN,True,4,5,0.9684627973231819,0.6477485134061902,True
processed_models\RESIN STANDARDS\R5T1.ply,RESIN,True,5,1,0.5071083981186981,0.33390562808708885,True
processed_models\RESIN STANDARDS\R5T2.ply,RESIN,True,5,2,0.5083633029239177,0.3332330248652188,True
processed_models\RESIN STANDARDS\R5T3.ply,RESIN,True,5,3,2.640620625604395,3.3353170368115657,False
processed_models\RESIN STANDARDS\R5T4.ply,RESIN,True,5,4,0.5094661741934875,0.33660439564666533,True
processed_models\RESIN STANDARDS\R5T5.ply,RESIN,True,5,5,0.50467953795367,0.32909159178809394,True
processed_models\RESIN STANDARDS\R6T1.ply,RESIN,True,6,1,0.7482128635091907,0.47662893392299865,True
processed_models\RESIN STANDARDS\R6T2.ply,RESIN,True,6,2,0.7789370369044627,0.6260148613256159,True
processed_models\RESIN STANDARDS\R6T3.ply,RESIN,True,6,3,0.7439977621341132,0.33259160022444156,True
processed_models\RESIN STANDARDS\R6T4.ply,RESIN,True,6,4,0.7519902204442022,0.604928368632214,True
processed_models\RESIN STANDARDS\R6T5.ply,RESIN,True,6,5,0.747049861996539,0.5896526062961879,True
processed_models\RESIN\R1T1.ply,RESIN,False,1,1,0.7768683504705908,0.5494313818335675,True
processed_models\RESIN\R1T2.ply,RESIN,False,1,2,8.063443725368282,6.622319800628576,False
processed_models\RESIN\R1T3.ply,RESIN,False,1,3,0.6309288560558186,0.41988833344683074,True
processed_models\RESIN\R1T4.ply,RESIN,False,1,4,0.7217715871159942,0.5333983365350545,True
processed_models\RESIN\R1T5.ply,RESIN,False,1,5,0.7490431347304106,0.5078626004947999,True
processed_models\RESIN\R2T1.ply,RESIN,False,2,1,0.8395352758852787,0.5982649204244538,True
processed_models\RESIN\R2T2.ply,RESIN,False,2,2,0.8637001842563065,0.6226796756346198,True
processed_models\RESIN\R2T3.ply,RESIN,False,2,3,0.6955757271571791,0.496700068071514,True
processed_models\RESIN\R2T4.ply,RESIN,False,2,4,0.7423931564237459,0.5123263306110982,True
processed_models\RESIN\R2T5.ply,RESIN,False,2,5,0.6942888153813875,0.49396809339569114,True
processed_models\RESIN\R3T1.ply,RESIN,False,3,1,1.597999627201546,1.8184699150833563,False
processed_models\RESIN\R3T2.ply,RESIN,False,3,2,0.6631530016696294,0.4608950353872787,True
processed_models\RESIN\R3T3.ply,RESIN,False,3,3,0.5600195424119843,0.38644238330690767,True
processed_models\RESIN\R3T4.ply,RESIN,False,3,4,0.5465277378905132,0.3751524751245513,True
processed_models\RESIN\R3T5.ply,RESIN,False,3,5,0.5977991865212177,0.41501521471608677,True
processed_models\RESIN\R4T1.ply,RESIN,False,4,1,0.9791224852901411,0.694029809991265,True
processed_models\RESIN\R4T2.ply,RESIN,False,4,2,0.9336482327208144,0.6607428786504389,True
processed_models\RESIN\R4T3.ply,RESIN,False,4,3,0.9971670370562625,0.6935437878088924,True
processed_models\RESIN\R4T4.ply,RESIN,False,4,4,1.059640515494208,0.7354580493695425,True
processed_models\RESIN\R4T5.ply,RESIN,False,4,5,1.0143539022527641,0.6207309319399277,True
processed_models\RESIN\R5T1.ply,RESIN,False,5,1,0.5087630945271776,0.33556899735727497,True
processed_models\RESIN\R5T2.ply,RESIN,False,5,2,0.5148481764391588,0.3297473933506049,True
processed_models\RESIN\R5T3.ply,RESIN,False,5,3,0.4744749949840036,0.3060611491909574,True
processed_models\RESIN\R5T4.ply,RESIN,False,5,4,0.4853429026186963,0.30541266913056325,True
processed_models\RESIN\R5T5.ply,RESIN,False,5,5,0.5322820379736046,0.3704672149949102,True
processed_models\RESIN\R6T1.ply,RESIN,False,6,1,11.440967726517705,7.8385453266089735,False
processed_models\RESIN\R6T2.ply,RESIN,False,6,2,0.7116509735779876,0.445553587817103,True
processed_models\RESIN\R6T3.ply,RESIN,False,6,3,0.7857126466663005,0.4755536140224033,True
processed_models\RESIN\R6T4.ply,RESIN,False,6,4,0.7538004449305352,0.5817675049821902,True
processed_models\RESIN\R6T5.ply,RESIN,False,6,5,0.7485038517520675,0.44316011992757826,True
