Printer,Texture,Test_Type,Comparison,Raw_Avg_Distance,Std_Deviation
E,2,T,1 vs 2,0.00023953,0.00019536
E,2,T,1 vs 3,0.00027761,0.00023322
E,2,T,1 vs 4,0.00033681,0.00031671
E,2,T,1 vs 5,0.00034352,0.00027274
E,2,T,2 vs 1,0.00047248,0.00043828
E,2,T,2 vs 3,0.00043920,0.00035655
E,2,T,2 vs 4,0.00028285,0.00028579
E,2,T,2 vs 5,0.00064031,0.00056870
E,2,T,3 vs 1,0.00027266,0.00022962
E,2,T,3 vs 2,0.00028128,0.00017860
E,2,T,3 vs 4,0.00030119,0.00024096
E,2,T,3 vs 5,0.00036280,0.00025722
E,2,T,4 vs 1,0.00046933,0.00038227
E,2,T,4 vs 2,0.00026457,0.00018619
E,2,T,4 vs 3,0.00072585,0.00073574
E,2,T,4 vs 5,0.00030269,0.00020224
E,2,T,5 vs 1,0.00032777,0.00025043
E,2,T,5 vs 2,0.00030967,0.00025862
E,2,T,5 vs 3,0.00032537,0.00025601
E,2,T,5 vs 4,0.00031366,0.00026427
E,1,T,1 vs 2,0.00066816,0.00071961
E,1,T,1 vs 3,0.00055994,0.00079305
E,1,T,1 vs 4,0.00039594,0.00062178
E,1,T,1 vs 5,0.00069116,0.00062893
E,1,T,2 vs 1,0.00050856,0.00035927
E,1,T,2 vs 3,0.00052670,0.00060399
E,1,T,2 vs 4,0.00035366,0.00034785
E,1,T,2 vs 5,0.00033791,0.00037424
E,1,T,3 vs 1,0.00026619,0.00019818
E,1,T,3 vs 2,0.00029357,0.00027557
E,1,T,3 vs 4,0.00027752,0.00028521
E,1,T,3 vs 5,0.00032966,0.00037001
E,1,T,4 vs 1,0.00025671,0.00021121
E,1,T,4 vs 2,0.00028213,0.00021032
E,1,T,4 vs 3,0.00033930,0.00040041
E,1,T,4 vs 5,0.00033651,0.00031370
E,1,T,5 vs 1,0.00039042,0.00050912
E,1,T,5 vs 2,0.00041702,0.00050908
E,1,T,5 vs 3,0.00058261,0.00067935
E,1,T,5 vs 4,0.00049007,0.00058596
E,3,T,1 vs 2,0.00028182,0.00020569
E,3,T,1 vs 3,0.00025759,0.00020112
E,3,T,1 vs 4,0.00033810,0.00031299
E,3,T,1 vs 5,0.00032658,0.00025815
E,3,T,2 vs 1,0.00033565,0.00036768
E,3,T,2 vs 3,0.00029155,0.00025387
E,3,T,2 vs 4,0.00034341,0.00034420
E,3,T,2 vs 5,0.00032653,0.00051671
E,3,T,3 vs 1,0.00030995,0.00027814
E,3,T,3 vs 2,0.00028368,0.00019649
E,3,T,3 vs 4,0.00038766,0.00042014
E,3,T,3 vs 5,0.00027876,0.00021798
E,3,T,4 vs 1,0.00033655,0.00026114
E,3,T,4 vs 2,0.00027041,0.00019732
E,3,T,4 vs 3,0.00034109,0.00025181
E,3,T,4 vs 5,0.00038481,0.00027258
E,3,T,5 vs 1,0.00041346,0.00051746
E,3,T,5 vs 2,0.00032063,0.00025288
E,3,T,5 vs 3,0.00034285,0.00040063
E,3,T,5 vs 4,0.00048035,0.00056052
E,4,T,1 vs 2,0.00047384,0.00055181
E,4,T,1 vs 3,0.00043555,0.00039492
E,4,T,1 vs 4,0.00066096,0.00097027
E,4,T,1 vs 5,0.00052347,0.00058929
E,4,T,2 vs 1,0.00035250,0.00026838
E,4,T,2 vs 3,0.00043504,0.00031111
E,4,T,2 vs 4,0.00041214,0.00049286
E,4,T,2 vs 5,0.00027257,0.00021460
E,4,T,3 vs 1,0.00045346,0.00031401
E,4,T,3 vs 2,0.00040621,0.00036448
E,4,T,3 vs 4,0.00049213,0.00068025
E,4,T,3 vs 5,0.00037663,0.00044487
E,4,T,4 vs 1,0.00036777,0.00026934
E,4,T,4 vs 2,0.00031731,0.00021014
E,4,T,4 vs 3,0.00031321,0.00022418
E,4,T,4 vs 5,0.00031624,0.00022884
E,4,T,5 vs 1,0.00040852,0.00030897
E,4,T,5 vs 2,0.00028065,0.00023495
E,4,T,5 vs 3,0.00046397,0.00030534
E,4,T,5 vs 4,0.00039377,0.00044264
E,6,T,1 vs 2,0.00044126,0.00031110
E,6,T,1 vs 3,0.00056561,0.00037831
E,6,T,1 vs 4,0.00038217,0.00042323
E,6,T,1 vs 5,0.00046810,0.00033343
E,6,T,2 vs 1,0.00096781,0.00138852
E,6,T,2 vs 3,0.00053914,0.00074982
E,6,T,2 vs 4,0.00089783,0.00129876
E,6,T,2 vs 5,0.00078699,0.00122148
E,6,T,3 vs 1,0.00097024,0.00158721
E,6,T,3 vs 2,0.00059403,0.00108463
E,6,T,3 vs 4,0.00104454,0.00175422
E,6,T,3 vs 5,0.00076374,0.00133028
E,6,T,4 vs 1,0.00052400,0.00091053
E,6,T,4 vs 2,0.00051847,0.00039187
E,6,T,4 vs 3,0.00037938,0.00041486
E,6,T,4 vs 5,0.00025423,0.00036446
E,6,T,5 vs 1,0.00051254,0.00075874
E,6,T,5 vs 2,0.00081155,0.00062704
E,6,T,5 vs 3,0.00061821,0.00046465
E,6,T,5 vs 4,0.00040299,0.00072216
E,5,T,1 vs 2,0.00046311,0.00050093
E,5,T,1 vs 3,0.00054200,0.00036918
E,5,T,1 vs 4,0.00045683,0.00031709
E,5,T,1 vs 5,0.00047999,0.00032940
E,5,T,2 vs 1,0.00041174,0.00032338
E,5,T,2 vs 3,0.00034930,0.00024642
E,5,T,2 vs 4,0.00030151,0.00024975
E,5,T,2 vs 5,0.00032366,0.00023595
E,5,T,3 vs 1,0.00050123,0.00040849
E,5,T,3 vs 2,0.00048207,0.00053578
E,5,T,3 vs 4,0.00023995,0.00016213
E,5,T,3 vs 5,0.00054203,0.00058449
E,5,T,4 vs 1,0.00051730,0.00043920
E,5,T,4 vs 2,0.00043527,0.00052453
E,5,T,4 vs 3,0.00019830,0.00014521
E,5,T,4 vs 5,0.00063620,0.00060993
E,5,T,5 vs 1,0.00042497,0.00062701
E,5,T,5 vs 2,0.00044869,0.00055380
E,5,T,5 vs 3,0.00052752,0.00054475
E,5,T,5 vs 4,0.00060552,0.00057356
R,4,T,1 vs 2,0.00222789,0.02182631
R,4,T,1 vs 3,0.00250936,0.01454621
R,4,T,1 vs 4,0.00342599,0.02974057
R,4,T,1 vs 5,0.00173445,0.01404462
R,4,T,2 vs 1,0.00429683,0.08952710
R,4,T,2 vs 3,0.00435677,0.07835157
R,4,T,2 vs 4,0.00174830,0.02339477
R,4,T,2 vs 5,0.00415249,0.09116095
R,4,T,3 vs 1,0.00386490,0.03031753
R,4,T,3 vs 2,0.00447797,0.03639182
R,4,T,3 vs 4,0.00221444,0.02562601
R,4,T,3 vs 5,0.00146199,0.00938659
R,4,T,4 vs 1,0.01154922,0.08972741
R,4,T,4 vs 2,0.00886361,0.06834254
R,4,T,4 vs 3,0.00614288,0.07145614
R,4,T,4 vs 5,0.00667212,0.08175928
R,4,T,5 vs 1,0.00547033,0.05543305
R,4,T,5 vs 2,0.00427788,0.04573628
R,4,T,5 vs 3,0.00333164,0.03890671
R,4,T,5 vs 4,0.00398703,0.05750530
R,2,T,1 vs 2,0.02276119,0.12938159
R,2,T,1 vs 3,0.01643905,0.15387755
R,2,T,1 vs 4,0.00958160,0.05365348
R,2,T,1 vs 5,0.32930404,1.55785256
R,2,T,2 vs 1,0.01547581,0.14588424
R,2,T,2 vs 3,0.02375345,0.19664176
R,2,T,2 vs 4,0.00772584,0.05434641
R,2,T,2 vs 5,0.13156144,0.80237479
R,2,T,3 vs 1,0.00477819,0.05663232
R,2,T,3 vs 2,0.01171877,0.09449006
R,2,T,3 vs 4,0.00708584,0.06427616
R,2,T,3 vs 5,0.13860273,0.97387376
R,2,T,4 vs 1,0.00789928,0.06719587
R,2,T,4 vs 2,0.02087598,0.15189673
R,2,T,4 vs 3,0.03665744,0.27788996
R,2,T,4 vs 5,0.18691523,1.05141745
R,2,T,5 vs 1,0.02824169,0.21623153
R,2,T,5 vs 2,0.03202132,0.21897902
R,2,T,5 vs 3,0.02691073,0.19739128
R,2,T,5 vs 4,0.02512848,0.14290905
R,6,T,1 vs 2,0.01505816,0.19093200
R,6,T,1 vs 3,0.01273335,0.15140252
R,6,T,1 vs 4,0.02064577,0.20156479
R,6,T,1 vs 5,0.01200478,0.12326382
R,6,T,2 vs 1,0.01082577,0.14618214
R,6,T,2 vs 3,0.01069084,0.15610456
R,6,T,2 vs 4,0.03563691,0.34234398
R,6,T,2 vs 5,0.00349263,0.03028877
R,6,T,3 vs 1,0.00241148,0.02130110
R,6,T,3 vs 2,0.00330296,0.05062834
R,6,T,3 vs 4,0.01299604,0.14091055
R,6,T,3 vs 5,0.00378946,0.04663616
R,6,T,4 vs 1,0.00642339,0.05977684
R,6,T,4 vs 2,0.01757288,0.18529780
R,6,T,4 vs 3,0.00440191,0.03815528
R,6,T,4 vs 5,0.01486452,0.15420698
R,6,T,5 vs 1,0.01659290,0.22399580
R,6,T,5 vs 2,0.02106219,0.36772521
R,6,T,5 vs 3,0.02014375,0.27122942
R,6,T,5 vs 4,0.03544929,0.35595321
R,1,T,1 vs 2,0.00330289,0.02822453
R,1,T,1 vs 3,0.00591054,0.06650541
R,1,T,1 vs 4,0.00571395,0.07762412
R,1,T,1 vs 5,0.00541118,0.07599100
R,1,T,2 vs 1,0.01050588,0.11582591
R,1,T,2 vs 3,0.00935628,0.08868180
R,1,T,2 vs 4,0.00930424,0.09841436
R,1,T,2 vs 5,0.01283452,0.14326947
R,1,T,3 vs 1,0.00367396,0.06033489
R,1,T,3 vs 2,0.00299041,0.01932934
R,1,T,3 vs 4,0.00227067,0.02057189
R,1,T,3 vs 5,0.00325279,0.06641014
R,1,T,4 vs 1,0.00341118,0.05790795
R,1,T,4 vs 2,0.00255033,0.01584182
R,1,T,4 vs 3,0.00261307,0.02572255
R,1,T,4 vs 5,0.00325151,0.06058464
R,1,T,5 vs 1,0.00172520,0.00597223
R,1,T,5 vs 2,0.00164358,0.00804597
R,1,T,5 vs 3,0.00156446,0.00741456
R,1,T,5 vs 4,0.00145775,0.00665244
R,5,T,1 vs 2,0.02212517,0.28480621
R,5,T,1 vs 3,0.02370109,0.29686869
R,5,T,1 vs 4,0.02410121,0.28123856
R,5,T,1 vs 5,0.02097713,0.22079398
R,5,T,2 vs 1,0.02062560,0.19744655
R,5,T,2 vs 3,0.00687875,0.05113877
R,5,T,2 vs 4,0.01021951,0.06184067
R,5,T,2 vs 5,0.02429317,0.21992053
R,5,T,3 vs 1,0.01258080,0.14096760
R,5,T,3 vs 2,0.00843023,0.14238260
R,5,T,3 vs 4,0.01047960,0.11351999
R,5,T,3 vs 5,0.01341311,0.16844846
R,5,T,4 vs 1,0.01744606,0.16234970
R,5,T,4 vs 2,0.01018673,0.08230204
R,5,T,4 vs 3,0.01111936,0.10383283
R,5,T,4 vs 5,0.01182616,0.12849061
R,5,T,5 vs 1,0.02870494,0.23352713
R,5,T,5 vs 2,0.02058491,0.21032897
R,5,T,5 vs 3,0.01914581,0.20418192
R,5,T,5 vs 4,0.02309978,0.22352388
R,3,T,1 vs 2,0.00946406,0.11940762
R,3,T,1 vs 3,0.00518881,0.07144699
R,3,T,1 vs 4,0.00524795,0.07561214
R,3,T,1 vs 5,0.00683695,0.07720377
R,3,T,2 vs 1,0.00270009,0.02603789
R,3,T,2 vs 3,0.00232896,0.02784769
R,3,T,2 vs 4,0.00223005,0.02892389
R,3,T,2 vs 5,0.00221612,0.01541770
R,3,T,3 vs 1,0.00166449,0.01136876
R,3,T,3 vs 2,0.00223556,0.04962954
R,3,T,3 vs 4,0.00103402,0.00519837
R,3,T,3 vs 5,0.00213141,0.03043871
R,3,T,4 vs 1,0.00291205,0.02006999
R,3,T,4 vs 2,0.00791192,0.12355396
R,3,T,4 vs 3,0.00174961,0.01259257
R,3,T,4 vs 5,0.00611708,0.08516774
R,3,T,5 vs 1,0.00428432,0.04430694
R,3,T,5 vs 2,0.00390809,0.05315078
R,3,T,5 vs 3,0.00415602,0.05243726
R,3,T,5 vs 4,0.00464386,0.06074497
B,5,T,1 vs 2,0.00022487,0.00017012
B,5,T,1 vs 3,0.00020862,0.00015271
B,5,T,1 vs 4,0.00019143,0.00014907
B,5,T,1 vs 5,0.00023282,0.00019748
B,5,T,2 vs 1,0.00031479,0.00022929
B,5,T,2 vs 3,0.00025542,0.00017632
B,5,T,2 vs 4,0.00019482,0.00013275
B,5,T,2 vs 5,0.00027941,0.00023336
B,5,T,3 vs 1,0.00022025,0.00015173
B,5,T,3 vs 2,0.00030444,0.00019605
B,5,T,3 vs 4,0.00024928,0.00016883
B,5,T,3 vs 5,0.00026417,0.00022423
B,5,T,4 vs 1,0.00020316,0.00014302
B,5,T,4 vs 2,0.00019587,0.00015210
B,5,T,4 vs 3,0.00022465,0.00013815
B,5,T,4 vs 5,0.00028176,0.00024756
B,5,T,5 vs 1,0.00024173,0.00022973
B,5,T,5 vs 2,0.00027559,0.00025174
B,5,T,5 vs 3,0.00027118,0.00024342
B,5,T,5 vs 4,0.00026192,0.00026469
B,6,T,1 vs 2,0.00020458,0.00014758
B,6,T,1 vs 3,0.00020497,0.00011846
B,6,T,1 vs 4,0.00016796,0.00010428
B,6,T,1 vs 5,0.00023105,0.00013103
B,6,T,2 vs 1,0.00022010,0.00016094
B,6,T,2 vs 3,0.00015163,0.00008469
B,6,T,2 vs 4,0.00018116,0.00013487
B,6,T,2 vs 5,0.00024474,0.00016737
B,6,T,3 vs 1,0.00021948,0.00019434
B,6,T,3 vs 2,0.00014879,0.00014139
B,6,T,3 vs 4,0.00018366,0.00016282
B,6,T,3 vs 5,0.00024661,0.00018709
B,6,T,4 vs 1,0.00017455,0.00010211
B,6,T,4 vs 2,0.00016602,0.00011495
B,6,T,4 vs 3,0.00022585,0.00012341
B,6,T,4 vs 5,0.00022234,0.00014010
B,6,T,5 vs 1,0.00020786,0.00011887
B,6,T,5 vs 2,0.00022655,0.00016469
B,6,T,5 vs 3,0.00023217,0.00014989
B,6,T,5 vs 4,0.00022461,0.00012726
B,3,T,1 vs 2,0.00027812,0.00021194
B,3,T,1 vs 3,0.00021570,0.00014972
B,3,T,1 vs 4,0.00025103,0.00019491
B,3,T,1 vs 5,0.00026044,0.00019384
B,3,T,2 vs 1,0.00026888,0.00020594
B,3,T,2 vs 3,0.00029092,0.00024135
B,3,T,2 vs 4,0.00023855,0.00018852
B,3,T,2 vs 5,0.00032394,0.00024674
B,3,T,3 vs 1,0.00020706,0.00014940
B,3,T,3 vs 2,0.00026465,0.00018401
B,3,T,3 vs 4,0.00024338,0.00016107
B,3,T,3 vs 5,0.00025946,0.00016610
B,3,T,4 vs 1,0.00024369,0.00017551
B,3,T,4 vs 2,0.00023286,0.00016083
B,3,T,4 vs 3,0.00025711,0.00018391
B,3,T,4 vs 5,0.00025651,0.00018294
B,3,T,5 vs 1,0.00027987,0.00019496
B,3,T,5 vs 2,0.00031455,0.00023070
B,3,T,5 vs 3,0.00062032,0.00054727
B,3,T,5 vs 4,0.00027951,0.00020008
B,2,T,1 vs 2,0.00019925,0.00015580
B,2,T,1 vs 3,0.00023897,0.00016485
B,2,T,1 vs 4,0.00021771,0.00017223
B,2,T,1 vs 5,0.00026770,0.00019027
B,2,T,2 vs 1,0.00020081,0.00015125
B,2,T,2 vs 3,0.00023663,0.00015359
B,2,T,2 vs 4,0.00025385,0.00015869
B,2,T,2 vs 5,0.00027835,0.00023834
B,2,T,3 vs 1,0.00024190,0.00017269
B,2,T,3 vs 2,0.00024941,0.00018457
B,2,T,3 vs 4,0.00025629,0.00017409
B,2,T,3 vs 5,0.00023570,0.00018332
B,2,T,4 vs 1,0.00022437,0.00016224
B,2,T,4 vs 2,0.00023367,0.00016379
B,2,T,4 vs 3,0.00024076,0.00017742
B,2,T,4 vs 5,0.00023475,0.00017714
B,2,T,5 vs 1,0.00026959,0.00018264
B,2,T,5 vs 2,0.00024051,0.00016064
B,2,T,5 vs 3,0.00024466,0.00015777
B,2,T,5 vs 4,0.00024331,0.00015920
B,1,T,1 vs 2,0.00025796,0.00020669
B,1,T,1 vs 3,0.00024630,0.00020972
B,1,T,1 vs 4,0.00021339,0.00019157
B,1,T,1 vs 5,0.00025003,0.00021870
B,1,T,2 vs 1,0.00030413,0.00027594
B,1,T,2 vs 3,0.00020333,0.00013366
B,1,T,2 vs 4,0.00030871,0.00029590
B,1,T,2 vs 5,0.00021850,0.00016454
B,1,T,3 vs 1,0.00027606,0.00023795
B,1,T,3 vs 2,0.00019882,0.00014468
B,1,T,3 vs 4,0.00027078,0.00027223
B,1,T,3 vs 5,0.00018412,0.00011113
B,1,T,4 vs 1,0.00026934,0.00018116
B,1,T,4 vs 2,0.00026630,0.00019731
B,1,T,4 vs 3,0.00027173,0.00019235
B,1,T,4 vs 5,0.00028437,0.00017992
B,1,T,5 vs 1,0.00029636,0.00026825
B,1,T,5 vs 2,0.00021616,0.00015597
B,1,T,5 vs 3,0.00018938,0.00015555
B,1,T,5 vs 4,0.00029134,0.00029972
B,4,T,1 vs 2,0.00019911,0.00014578
B,4,T,1 vs 3,0.00023391,0.00027096
B,4,T,1 vs 4,0.00019768,0.00014839
B,4,T,1 vs 5,0.00020380,0.00014951
B,4,T,2 vs 1,0.00023379,0.00014085
B,4,T,2 vs 3,0.00029279,0.00019181
B,4,T,2 vs 4,0.00018174,0.00011920
B,4,T,2 vs 5,0.00021252,0.00014269
B,4,T,3 vs 1,0.00021505,0.00017922
B,4,T,3 vs 2,0.00022071,0.00020300
B,4,T,3 vs 4,0.00027143,0.00028791
B,4,T,3 vs 5,0.00026181,0.00022784
B,4,T,4 vs 1,0.00017607,0.00009698
B,4,T,4 vs 2,0.00022698,0.00013867
B,4,T,4 vs 3,0.00031262,0.00018948
B,4,T,4 vs 5,0.00023777,0.00013925
B,4,T,5 vs 1,0.00022092,0.00013700
B,4,T,5 vs 2,0.00020931,0.00014282
B,4,T,5 vs 3,0.00025214,0.00017816
B,4,T,5 vs 4,0.00020002,0.00012460
